<?xml version="1.0" encoding="utf-8" ?>
<dwsync>
<file name="SMILEYS" server="themza.com//public_html/" local="128564962800000000" remote="128564962800000000" />
<file name="angry.gif" server="themza.com//public_html/" local="128564962200000000" remote="128564962200000000" />
<file name="approve.gif" server="themza.com//public_html/" local="128564962200000000" remote="128564962200000000" />
<file name="biggrin.gif" server="themza.com//public_html/" local="128564962200000000" remote="128564962200000000" />
<file name="blackeye.gif" server="themza.com//public_html/" local="128564962200000000" remote="128564962200000000" />
<file name="blush.gif" server="themza.com//public_html/" local="128564962200000000" remote="128564962200000000" />
<file name="clown.gif" server="themza.com//public_html/" local="128564962200000000" remote="128564962200000000" />
<file name="cool.gif" server="themza.com//public_html/" local="128564962200000000" remote="128564962200000000" />
<file name="dead.gif" server="themza.com//public_html/" local="128564962200000000" remote="128564962200000000" />
<file name="evil.gif" server="themza.com//public_html/" local="128564962200000000" remote="128564962200000000" />
<file name="kiss.gif" server="themza.com//public_html/" local="128564962200000000" remote="128564962200000000" />
<file name="mixed.gif" server="themza.com//public_html/" local="128564962200000000" remote="128564962200000000" />
<file name="s_r2_c40.gif" server="themza.com//public_html/" local="128564962800000000" remote="128564962800000000" />
<file name="sad.gif" server="themza.com//public_html/" local="128564962200000000" remote="128564962200000000" />
<file name="shy.gif" server="themza.com//public_html/" local="128564962200000000" remote="128564962200000000" />
<file name="sleepy.gif" server="themza.com//public_html/" local="128564962200000000" remote="128564962200000000" />
<file name="smiley.gif" server="themza.com//public_html/" local="128564962200000000" remote="128564962200000000" />
<file name="surprise.gif" server="themza.com//public_html/" local="128564962800000000" remote="128564962800000000" />
<file name="thoughtful.gif" server="themza.com//public_html/" local="128564962800000000" remote="128564962800000000" />
<file name="tongueout.gif" server="themza.com//public_html/" local="128564962800000000" remote="128564962800000000" />
<file name="toughtful.gif" server="themza.com//public_html/" local="128564962800000000" remote="128564962800000000" />
<file name="wideeyes.gif" server="themza.com//public_html/" local="128564962800000000" remote="128564962800000000" />
<file name="wink.gif" server="themza.com//public_html/" local="128564962800000000" remote="128564962800000000" />
</dwsync>