<?xml version="1.0" encoding="utf-8" ?>
<dwsync>
<file name="adv.gif" server="themza.com//public_html/" local="128564968200000000" remote="128564968200000000" />
<file name="banner.jpg" server="themza.com//public_html/" local="128565034800000000" remote="128565034800000000" />
<file name="bg.gif" server="themza.com//public_html/" local="128564968800000000" remote="128564968800000000" />
<file name="bg_body.jpg" server="themza.com//public_html/" local="128564976000000000" remote="128564976000000000" />
<file name="colorstrip.gif" server="themza.com//public_html/" local="128564968800000000" remote="128564968800000000" />
<file name="css.gif" server="themza.com//public_html/" local="128564968800000000" remote="128564968800000000" />
<file name="h2.png" server="themza.com//public_html/" local="128564968800000000" remote="128564968800000000" />
<file name="help.gif" server="themza.com//public_html/" local="128564968800000000" remote="128564968800000000" />
<file name="movehere.gif" server="themza.com//public_html/" local="128564968800000000" remote="128564968800000000" />
<file name="navbar.gif" server="themza.com//public_html/" local="128564968800000000" remote="128564968800000000" />
<file name="navbar.png" server="themza.com//public_html/" local="128565034800000000" remote="128565034800000000" />
<file name="req.gif" server="themza.com//public_html/" local="128564968800000000" remote="128564968800000000" />
<file name="rightarrow2.gif" server="themza.com//public_html/" local="128564968800000000" remote="128564968800000000" />
<file name="section_508.gif" server="themza.com//public_html/" local="128564969400000000" remote="128564969400000000" />
<file name="spacer.gif" server="themza.com//public_html/" local="128564969400000000" remote="128564969400000000" />
<file name="switch_minus.gif" server="themza.com//public_html/" local="128564969400000000" remote="128564969400000000" />
<file name="switch_plus.gif" server="themza.com//public_html/" local="128564969400000000" remote="128564969400000000" />
<file name="top.png" server="themza.com//public_html/" local="128565034800000000" remote="128565034800000000" />
<file name="xhtml_1_0.gif" server="themza.com//public_html/" local="128564969400000000" remote="128564969400000000" />
<file name="footer.png" server="themza.com//public_html/" local="128564973000000000" remote="128564973000000000" />
</dwsync>