<?xml version="1.0" encoding="utf-8" ?>
<dwsync>
<file name="backup.gif" server="themza.com//public_html/" local="128564960400000000" remote="128564960400000000" />
<file name="clear.gif" server="themza.com//public_html/" local="128564960400000000" remote="128564960400000000" />
<file name="copy.gif" server="themza.com//public_html/" local="128564960400000000" remote="128564960400000000" />
<file name="delete.gif" server="themza.com//public_html/" local="128564960400000000" remote="128564960400000000" />
<file name="down.gif" server="themza.com//public_html/" local="128564960400000000" remote="128564960400000000" />
<file name="edit.gif" server="themza.com//public_html/" local="128564960400000000" remote="128564960400000000" />
<file name="email.gif" server="themza.com//public_html/" local="128564960400000000" remote="128564960400000000" />
<file name="emailno.gif" server="themza.com//public_html/" local="128564960400000000" remote="128564960400000000" />
<file name="go.gif" server="themza.com//public_html/" local="128564960400000000" remote="128564960400000000" />
<file name="groupn.gif" server="themza.com//public_html/" local="128564960400000000" remote="128564960400000000" />
<file name="groups.gif" server="themza.com//public_html/" local="128564960400000000" remote="128564960400000000" />
<file name="groupv.gif" server="themza.com//public_html/" local="128564960400000000" remote="128564960400000000" />
<file name="hide.gif" server="themza.com//public_html/" local="128564960400000000" remote="128564960400000000" />
<file name="left.gif" server="themza.com//public_html/" local="128564960400000000" remote="128564960400000000" />
<file name="log.gif" server="themza.com//public_html/" local="128564960400000000" remote="128564960400000000" />
<file name="manual_item.gif" server="themza.com//public_html/" local="128564960400000000" remote="128564960400000000" />
<file name="message.gif" server="themza.com//public_html/" local="128564960400000000" remote="128564960400000000" />
<file name="move.gif" server="themza.com//public_html/" local="128564960400000000" remote="128564960400000000" />
<file name="moveleft.gif" server="themza.com//public_html/" local="128564960400000000" remote="128564960400000000" />
<file name="moveright.gif" server="themza.com//public_html/" local="128564960400000000" remote="128564960400000000" />
<file name="preview.gif" server="themza.com//public_html/" local="128564960400000000" remote="128564960400000000" />
<file name="removeright.gif" server="themza.com//public_html/" local="128564960400000000" remote="128564960400000000" />
<file name="restore.gif" server="themza.com//public_html/" local="128564960400000000" remote="128564960400000000" />
<file name="right.gif" server="themza.com//public_html/" local="128564960400000000" remote="128564960400000000" />
<file name="show.gif" server="themza.com//public_html/" local="128564960400000000" remote="128564960400000000" />
<file name="stop.gif" server="themza.com//public_html/" local="128564960400000000" remote="128564960400000000" />
<file name="switch.gif" server="themza.com//public_html/" local="128564960400000000" remote="128564960400000000" />
<file name="switch_minus.gif" server="themza.com//public_html/" local="128565073200000000" remote="128565073200000000" />
<file name="switch_plus.gif" server="themza.com//public_html/" local="128565073200000000" remote="128565073200000000" />
<file name="up.gif" server="themza.com//public_html/" local="128564960400000000" remote="128564960400000000" />
<file name="user.gif" server="themza.com//public_html/" local="128564960400000000" remote="128564960400000000" />
<file name="usernot.gif" server="themza.com//public_html/" local="128564960400000000" remote="128564960400000000" />
</dwsync>