<?xml version="1.0" encoding="utf-8" ?>
<dwsync>
<file name="de.gif" server="themza.com//public_html/" local="128564959200000000" remote="128564959200000000" />
<file name="ma.gif" server="themza.com//public_html/" local="128564959200000000" remote="128564959200000000" />
<file name="mc.gif" server="themza.com//public_html/" local="128564959200000000" remote="128564959200000000" />
<file name="mu.gif" server="themza.com//public_html/" local="128564959200000000" remote="128564959200000000" />
<file name="nu.gif" server="themza.com//public_html/" local="128564959200000000" remote="128564959200000000" />
<file name="rm.gif" server="themza.com//public_html/" local="128564959200000000" remote="128564959200000000" />
<file name="rs.gif" server="themza.com//public_html/" local="128564959200000000" remote="128564959200000000" />
<file name="sa.gif" server="themza.com//public_html/" local="128564959200000000" remote="128564959200000000" />
<file name="tf.gif" server="themza.com//public_html/" local="128564959200000000" remote="128564959200000000" />
</dwsync>