<?xml version="1.0" encoding="utf-8" ?>
<dwsync>
<file name="asset.gif" server="themza.com//public_html/" local="128564959200000000" remote="128564959200000000" />
<file name="browsed.gif" server="themza.com//public_html/" local="128564959200000000" remote="128564959200000000" />
<file name="completed.gif" server="themza.com//public_html/" local="128564959200000000" remote="128564959200000000" />
<file name="failed.gif" server="themza.com//public_html/" local="128564959200000000" remote="128564959200000000" />
<file name="incomplete.gif" server="themza.com//public_html/" local="128564959200000000" remote="128564959200000000" />
<file name="minus.gif" server="themza.com//public_html/" local="128564959200000000" remote="128564959200000000" />
<file name="notattempted.gif" server="themza.com//public_html/" local="128564959200000000" remote="128564959200000000" />
<file name="passed.gif" server="themza.com//public_html/" local="128564959200000000" remote="128564959200000000" />
<file name="plus.gif" server="themza.com//public_html/" local="128564959200000000" remote="128564959200000000" />
<file name="popdown.gif" server="themza.com//public_html/" local="128564959200000000" remote="128564959200000000" />
<file name="popup.gif" server="themza.com//public_html/" local="128564959200000000" remote="128564959200000000" />
<file name="spacer.gif" server="themza.com//public_html/" local="128564959200000000" remote="128564959200000000" />
</dwsync>