<?xml version="1.0" encoding="utf-8" ?>
<dwsync>
<file name="audio.gif" server="themza.com//public_html/" local="128564955600000000" remote="128564955600000000" />
<file name="avi.gif" server="themza.com//public_html/" local="128564955600000000" remote="128564955600000000" />
<file name="edit.gif" server="themza.com//public_html/" local="128564955600000000" remote="128564955600000000" />
<file name="env.gif" server="themza.com//public_html/" local="128564956200000000" remote="128564956200000000" />
<file name="excel.gif" server="themza.com//public_html/" local="128564956200000000" remote="128564956200000000" />
<file name="explore.gif" server="themza.com//public_html/" local="128564956200000000" remote="128564956200000000" />
<file name="flash.gif" server="themza.com//public_html/" local="128564956200000000" remote="128564956200000000" />
<file name="folder.gif" server="themza.com//public_html/" local="128564956200000000" remote="128564956200000000" />
<file name="help.gif" server="themza.com//public_html/" local="128564956200000000" remote="128564956200000000" />
<file name="html.gif" server="themza.com//public_html/" local="128564956200000000" remote="128564956200000000" />
<file name="image.gif" server="themza.com//public_html/" local="128564956200000000" remote="128564956200000000" />
<file name="jbc.gif" server="themza.com//public_html/" local="128564956200000000" remote="128564956200000000" />
<file name="jcl.gif" server="themza.com//public_html/" local="128564956200000000" remote="128564956200000000" />
<file name="jcw.gif" server="themza.com//public_html/" local="128564956200000000" remote="128564956200000000" />
<file name="jmt.gif" server="themza.com//public_html/" local="128564956200000000" remote="128564956200000000" />
<file name="jmx.gif" server="themza.com//public_html/" local="128564956200000000" remote="128564956200000000" />
<file name="jqz.gif" server="themza.com//public_html/" local="128564956200000000" remote="128564956200000000" />
<file name="move.gif" server="themza.com//public_html/" local="128564956200000000" remote="128564956200000000" />
<file name="odt.gif" server="themza.com//public_html/" local="128564956200000000" remote="128564956200000000" />
<file name="parent.gif" server="themza.com//public_html/" local="128564956200000000" remote="128564956200000000" />
<file name="pdf.gif" server="themza.com//public_html/" local="128564956200000000" remote="128564956200000000" />
<file name="powerpoint.gif" server="themza.com//public_html/" local="128564956200000000" remote="128564956200000000" />
<file name="text.gif" server="themza.com//public_html/" local="128564956200000000" remote="128564956200000000" />
<file name="unknown.gif" server="themza.com//public_html/" local="128564956200000000" remote="128564956200000000" />
<file name="video.gif" server="themza.com//public_html/" local="128564956200000000" remote="128564956200000000" />
<file name="web.gif" server="themza.com//public_html/" local="128564956200000000" remote="128564956200000000" />
<file name="word.gif" server="themza.com//public_html/" local="128564956200000000" remote="128564956200000000" />
<file name="xml.gif" server="themza.com//public_html/" local="128564956200000000" remote="128564956200000000" />
<file name="zip.gif" server="themza.com//public_html/" local="128564956200000000" remote="128564956200000000" />
</dwsync>