<?xml version="1.0" encoding="utf-8" ?>
<dwsync>
<file name="left.gif" server="themza.com//public_html/" local="128564960400000000" remote="128564960400000000" />
<file name="left_active.gif" server="themza.com//public_html/" local="128564960400000000" remote="128564960400000000" />
<file name="left_active_hover.gif" server="themza.com//public_html/" local="128564960400000000" remote="128564960400000000" />
<file name="left_hover.gif" server="themza.com//public_html/" local="128564960400000000" remote="128564960400000000" />
<file name="right.gif" server="themza.com//public_html/" local="128564961000000000" remote="128564961000000000" />
<file name="right_active.gif" server="themza.com//public_html/" local="128564961000000000" remote="128564961000000000" />
<file name="right_active_hover.gif" server="themza.com//public_html/" local="128564961000000000" remote="128564961000000000" />
<file name="right_end.gif" server="themza.com//public_html/" local="128564961000000000" remote="128564961000000000" />
<file name="right_hover.gif" server="themza.com//public_html/" local="128564961000000000" remote="128564961000000000" />
</dwsync>