<?xml version="1.0" encoding="utf-8" ?>
<dwsync>
<file name="asc.gif" server="themza.com//public_html/" local="128564958000000000" remote="128564958000000000" />
<file name="check.gif" server="themza.com//public_html/" local="128564958000000000" remote="128564958000000000" />
<file name="comment.gif" server="themza.com//public_html/" local="128564958000000000" remote="128564958000000000" />
<file name="desc.gif" server="themza.com//public_html/" local="128564958000000000" remote="128564958000000000" />
<file name="export.gif" server="themza.com//public_html/" local="128564958600000000" remote="128564958600000000" />
<file name="icon.gif" server="themza.com//public_html/" local="128564958600000000" remote="128564958600000000" />
<file name="icon1.gif" server="themza.com//public_html/" local="128564958600000000" remote="128564958600000000" />
<file name="minus.gif" server="themza.com//public_html/" local="128564958600000000" remote="128564958600000000" />
<file name="print.gif" server="themza.com//public_html/" local="128564958600000000" remote="128564958600000000" />
</dwsync>