<?xml version="1.0" encoding="utf-8" ?>
<dwsync>
<file name="ICONS-16x16" server="themza.com//public_html/" local="128564949000000000" remote="128564949000000000" />
<file name="admin.gif" server="themza.com//public_html/" local="128564956200000000" remote="128564956200000000" />
<file name="all.gif" server="themza.com//public_html/" local="128564956200000000" remote="128564956200000000" />
<file name="backup.gif" server="themza.com//public_html/" local="128564956200000000" remote="128564956200000000" />
<file name="calc.gif" server="themza.com//public_html/" local="128564956200000000" remote="128564956200000000" />
<file name="closed.gif" server="themza.com//public_html/" local="128564956200000000" remote="128564956200000000" />
<file name="course.gif" server="themza.com//public_html/" local="128564956200000000" remote="128564956200000000" />
<file name="db.gif" server="themza.com//public_html/" local="128564956200000000" remote="128564956200000000" />
<file name="edit.gif" server="themza.com//public_html/" local="128564956800000000" remote="128564956800000000" />
<file name="email.gif" server="themza.com//public_html/" local="128564956800000000" remote="128564956800000000" />
<file name="files.gif" server="themza.com//public_html/" local="128564956800000000" remote="128564956800000000" />
<file name="grades.gif" server="themza.com//public_html/" local="128564956800000000" remote="128564956800000000" />
<file name="group.gif" server="themza.com//public_html/" local="128564956800000000" remote="128564956800000000" />
<file name="guest.gif" server="themza.com//public_html/" local="128564956800000000" remote="128564956800000000" />
<file name="hide.gif" server="themza.com//public_html/" local="128564956800000000" remote="128564956800000000" />
<file name="ical.gif" server="themza.com//public_html/" local="128564956800000000" remote="128564956800000000" />
<file name="info.gif" server="themza.com//public_html/" local="128564956800000000" remote="128564956800000000" />
<file name="item.gif" server="themza.com//public_html/" local="128564956800000000" remote="128564956800000000" />
<file name="key.gif" server="themza.com//public_html/" local="128564956800000000" remote="128564956800000000" />
<file name="log.gif" server="themza.com//public_html/" local="128564956800000000" remote="128564956800000000" />
<file name="marked.gif" server="themza.com//public_html/" local="128564956800000000" remote="128564956800000000" />
<file name="marker.gif" server="themza.com//public_html/" local="128564956800000000" remote="128564956800000000" />
<file name="move_2d.gif" server="themza.com//public_html/" local="128564956800000000" remote="128564956800000000" />
<file name="new.gif" server="themza.com//public_html/" local="128564956800000000" remote="128564956800000000" />
<file name="news.gif" server="themza.com//public_html/" local="128564956800000000" remote="128564956800000000" />
<file name="one.gif" server="themza.com//public_html/" local="128564956800000000" remote="128564956800000000" />
<file name="open.gif" server="themza.com//public_html/" local="128564956800000000" remote="128564956800000000" />
<file name="questions.gif" server="themza.com//public_html/" local="128564956800000000" remote="128564956800000000" />
<file name="report.gif" server="themza.com//public_html/" local="128564956800000000" remote="128564956800000000" />
<file name="restore.gif" server="themza.com//public_html/" local="128564956800000000" remote="128564956800000000" />
<file name="return.gif" server="themza.com//public_html/" local="128564962200000000" remote="128564962200000000" />
<file name="roles.gif" server="themza.com//public_html/" local="128564956800000000" remote="128564956800000000" />
<file name="rss.gif" server="themza.com//public_html/" local="128564956800000000" remote="128564956800000000" />
<file name="rsssitelogo.gif" server="themza.com//public_html/" local="128564956800000000" remote="128564956800000000" />
<file name="scales.gif" server="themza.com//public_html/" local="128564956800000000" remote="128564956800000000" />
<file name="search.gif" server="themza.com//public_html/" local="128564956800000000" remote="128564956800000000" />
<file name="settings.gif" server="themza.com//public_html/" local="128564956800000000" remote="128564956800000000" />
<file name="show.gif" server="themza.com//public_html/" local="128564956800000000" remote="128564956800000000" />
<file name="stats.gif" server="themza.com//public_html/" local="128564956800000000" remote="128564956800000000" />
<file name="switch.gif" server="themza.com//public_html/" local="128564956800000000" remote="128564956800000000" />
<file name="sxml.gif" server="themza.com//public_html/" local="128564956800000000" remote="128564956800000000" />
<file name="user.gif" server="themza.com//public_html/" local="128564956800000000" remote="128564956800000000" />
<file name="users.gif" server="themza.com//public_html/" local="128564956800000000" remote="128564956800000000" />
</dwsync>