<?xml version="1.0" encoding="utf-8" ?>
<dwsync>
<file name="em1_bwgreater.gif" server="themza.com//public_html/" local="128564955600000000" remote="128564955600000000" />
<file name="em1_greater.gif" server="themza.com//public_html/" local="128564955600000000" remote="128564955600000000" />
<file name="em1_lesser.gif" server="themza.com//public_html/" local="128564955600000000" remote="128564955600000000" />
<file name="em1_raquo.gif" server="themza.com//public_html/" local="128564955600000000" remote="128564955600000000" />
<file name="r_breadcrumb.gif" server="themza.com//public_html/" local="128564955600000000" remote="128564955600000000" />
<file name="r_go.gif" server="themza.com//public_html/" local="128564955600000000" remote="128564955600000000" />
<file name="r_next.gif" server="themza.com//public_html/" local="128564955600000000" remote="128564955600000000" />
<file name="r_previous.gif" server="themza.com//public_html/" local="128564955600000000" remote="128564955600000000" />
</dwsync>